Year,OBS_STATUS,UNIT_MULT,SOURCE_DETAIL,SERIES,REF_AREA,SEX,URBANISATION,INCOME_WEALTH_QUANTILE,EDUCATION_LEV,UNIT_MEASURE,DATA_LAST_UPDATE,TIME_DETAIL,COMMENT_OBS,Value
2015,A,0,Angola DHS 2015-16. The survey collected data on school attendance for age 3-24 and educational attainment for age 3 and above. Data extracted on 25 February 2025.,SE_TOT_CPLR,24,None,None,None,ISCED11_1,PT,2025-03-05T00:00:00,2015,,59.95566
2015,A,0,Angola DHS 2015-16. The survey collected data on school attendance for age 3-24 and educational attainment for age 3 and above. Data extracted on 25 February 2025.,SE_TOT_CPLR,24,None,None,None,ISCED11_2,PT,2025-03-05T00:00:00,2015,,36.59349
2015,A,0,Angola DHS 2015-16. The survey collected data on school attendance for age 3-24 and educational attainment for age 3 and above. Data extracted on 25 February 2025.,SE_TOT_CPLR,24,None,None,None,ISCED11_3,PT,2025-03-05T00:00:00,2015,,18.74578
2015,A,0,Angola DHS 2015-16. The survey collected data on school attendance for age 3-24 and educational attainment for age 3 and above. Data extracted on 25 February 2025.,SE_TOT_CPLR,24,None,None,Q1,ISCED11_1,PT,2025-03-05T00:00:00,2015,,18.8034
2015,A,0,Angola DHS 2015-16. The survey collected data on school attendance for age 3-24 and educational attainment for age 3 and above. Data extracted on 25 February 2025.,SE_TOT_CPLR,24,None,None,Q1,ISCED11_2,PT,2025-03-05T00:00:00,2015,,4.11117
2015,A,0,Angola DHS 2015-16. The survey collected data on school attendance for age 3-24 and educational attainment for age 3 and above. Data extracted on 25 February 2025.,SE_TOT_CPLR,24,None,None,Q1,ISCED11_3,PT,2025-03-05T00:00:00,2015,,1.46105
2015,A,0,Angola DHS 2015-16. The survey collected data on school attendance for age 3-24 and educational attainment for age 3 and above. Data extracted on 25 February 2025.,SE_TOT_CPLR,24,None,None,Q2,ISCED11_1,PT,2025-03-05T00:00:00,2015,,30.39079
2015,A,0,Angola DHS 2015-16. The survey collected data on school attendance for age 3-24 and educational attainment for age 3 and above. Data extracted on 25 February 2025.,SE_TOT_CPLR,24,None,None,Q2,ISCED11_2,PT,2025-03-05T00:00:00,2015,,7.47371
2015,A,0,Angola DHS 2015-16. The survey collected data on school attendance for age 3-24 and educational attainment for age 3 and above. Data extracted on 25 February 2025.,SE_TOT_CPLR,24,None,None,Q2,ISCED11_3,PT,2025-03-05T00:00:00,2015,,1.53366
2015,A,0,Angola DHS 2015-16. The survey collected data on school attendance for age 3-24 and educational attainment for age 3 and above. Data extracted on 25 February 2025.,SE_TOT_CPLR,24,None,None,Q3,ISCED11_1,PT,2025-03-05T00:00:00,2015,,60.99935
2015,A,0,Angola DHS 2015-16. The survey collected data on school attendance for age 3-24 and educational attainment for age 3 and above. Data extracted on 25 February 2025.,SE_TOT_CPLR,24,None,None,Q3,ISCED11_2,PT,2025-03-05T00:00:00,2015,,24.34371
2015,A,0,Angola DHS 2015-16. The survey collected data on school attendance for age 3-24 and educational attainment for age 3 and above. Data extracted on 25 February 2025.,SE_TOT_CPLR,24,None,None,Q3,ISCED11_3,PT,2025-03-05T00:00:00,2015,,5.68855
2015,A,0,Angola DHS 2015-16. The survey collected data on school attendance for age 3-24 and educational attainment for age 3 and above. Data extracted on 25 February 2025.,SE_TOT_CPLR,24,None,None,Q4,ISCED11_1,PT,2025-03-05T00:00:00,2015,,76.99664
2015,A,0,Angola DHS 2015-16. The survey collected data on school attendance for age 3-24 and educational attainment for age 3 and above. Data extracted on 25 February 2025.,SE_TOT_CPLR,24,None,None,Q4,ISCED11_2,PT,2025-03-05T00:00:00,2015,,47.69392
2015,A,0,Angola DHS 2015-16. The survey collected data on school attendance for age 3-24 and educational attainment for age 3 and above. Data extracted on 25 February 2025.,SE_TOT_CPLR,24,None,None,Q4,ISCED11_3,PT,2025-03-05T00:00:00,2015,,20.14041
2015,A,0,Angola DHS 2015-16. The survey collected data on school attendance for age 3-24 and educational attainment for age 3 and above. Data extracted on 25 February 2025.,SE_TOT_CPLR,24,None,None,Q5,ISCED11_1,PT,2025-03-05T00:00:00,2015,,89.00835
2015,A,0,Angola DHS 2015-16. The survey collected data on school attendance for age 3-24 and educational attainment for age 3 and above. Data extracted on 25 February 2025.,SE_TOT_CPLR,24,None,None,Q5,ISCED11_2,PT,2025-03-05T00:00:00,2015,,72.022
2015,A,0,Angola DHS 2015-16. The survey collected data on school attendance for age 3-24 and educational attainment for age 3 and above. Data extracted on 25 February 2025.,SE_TOT_CPLR,24,None,None,Q5,ISCED11_3,PT,2025-03-05T00:00:00,2015,,50.21114
2015,A,0,Angola DHS 2015-16. The survey collected data on school attendance for age 3-24 and educational attainment for age 3 and above. Data extracted on 25 February 2025.,SE_TOT_CPLR,24,None,R,None,ISCED11_1,PT,2025-03-05T00:00:00,2015,,27.18701
2015,A,0,Angola DHS 2015-16. The survey collected data on school attendance for age 3-24 and educational attainment for age 3 and above. Data extracted on 25 February 2025.,SE_TOT_CPLR,24,None,R,None,ISCED11_2,PT,2025-03-05T00:00:00,2015,,9.06534
2015,A,0,Angola DHS 2015-16. The survey collected data on school attendance for age 3-24 and educational attainment for age 3 and above. Data extracted on 25 February 2025.,SE_TOT_CPLR,24,None,R,None,ISCED11_3,PT,2025-03-05T00:00:00,2015,,3.59802
2015,A,0,Angola DHS 2015-16. The survey collected data on school attendance for age 3-24 and educational attainment for age 3 and above. Data extracted on 25 February 2025.,SE_TOT_CPLR,24,None,R,Q1,ISCED11_1,PT,2025-03-05T00:00:00,2015,,19.12815
2015,A,0,Angola DHS 2015-16. The survey collected data on school attendance for age 3-24 and educational attainment for age 3 and above. Data extracted on 25 February 2025.,SE_TOT_CPLR,24,None,R,Q1,ISCED11_2,PT,2025-03-05T00:00:00,2015,,4.26299
2015,A,0,Angola DHS 2015-16. The survey collected data on school attendance for age 3-24 and educational attainment for age 3 and above. Data extracted on 25 February 2025.,SE_TOT_CPLR,24,None,R,Q1,ISCED11_3,PT,2025-03-05T00:00:00,2015,,1.49554
2015,A,0,Angola DHS 2015-16. The survey collected data on school attendance for age 3-24 and educational attainment for age 3 and above. Data extracted on 25 February 2025.,SE_TOT_CPLR,24,None,R,Q2,ISCED11_1,PT,2025-03-05T00:00:00,2015,,27.8349
2015,A,0,Angola DHS 2015-16. The survey collected data on school attendance for age 3-24 and educational attainment for age 3 and above. Data extracted on 25 February 2025.,SE_TOT_CPLR,24,None,R,Q2,ISCED11_2,PT,2025-03-05T00:00:00,2015,,7.36303
2015,A,0,Angola DHS 2015-16. The survey collected data on school attendance for age 3-24 and educational attainment for age 3 and above. Data extracted on 25 February 2025.,SE_TOT_CPLR,24,None,R,Q2,ISCED11_3,PT,2025-03-05T00:00:00,2015,,1.88615
2015,A,0,Angola DHS 2015-16. The survey collected data on school attendance for age 3-24 and educational attainment for age 3 and above. Data extracted on 25 February 2025.,SE_TOT_CPLR,24,None,R,Q3,ISCED11_1,PT,2025-03-05T00:00:00,2015,,56.62724
2015,A,0,Angola DHS 2015-16. The survey collected data on school attendance for age 3-24 and educational attainment for age 3 and above. Data extracted on 25 February 2025.,SE_TOT_CPLR,24,None,R,Q3,ISCED11_2,PT,2025-03-05T00:00:00,2015,,25.61141
2015,A,0,Angola DHS 2015-16. The survey collected data on school attendance for age 3-24 and educational attainment for age 3 and above. Data extracted on 25 February 2025.,SE_TOT_CPLR,24,None,R,Q3,ISCED11_3,PT,2025-03-05T00:00:00,2015,,8.89086
2015,A,0,Angola DHS 2015-16. The survey collected data on school attendance for age 3-24 and educational attainment for age 3 and above. Data extracted on 25 February 2025.,SE_TOT_CPLR,24,None,R,Q4,ISCED11_1,PT,2025-03-05T00:00:00,2015,,81.07241
2015,A,0,Angola DHS 2015-16. The survey collected data on school attendance for age 3-24 and educational attainment for age 3 and above. Data extracted on 25 February 2025.,SE_TOT_CPLR,24,None,R,Q4,ISCED11_2,PT,2025-03-05T00:00:00,2015,,49.6727
2015,A,0,Angola DHS 2015-16. The survey collected data on school attendance for age 3-24 and educational attainment for age 3 and above. Data extracted on 25 February 2025.,SE_TOT_CPLR,24,None,R,Q4,ISCED11_3,PT,2025-03-05T00:00:00,2015,,46.34542
2015,A,0,Angola DHS 2015-16. The survey collected data on school attendance for age 3-24 and educational attainment for age 3 and above. Data extracted on 25 February 2025.,SE_TOT_CPLR,24,None,R,Q5,ISCED11_1,PT,2025-03-05T00:00:00,2015,This data point is NOT APPLICABLE for the submitting nation.,0.0
2015,A,0,Angola DHS 2015-16. The survey collected data on school attendance for age 3-24 and educational attainment for age 3 and above. Data extracted on 25 February 2025.,SE_TOT_CPLR,24,None,R,Q5,ISCED11_2,PT,2025-03-05T00:00:00,2015,This data point is NOT APPLICABLE for the submitting nation.,0.0
2015,A,0,Angola DHS 2015-16. The survey collected data on school attendance for age 3-24 and educational attainment for age 3 and above. Data extracted on 25 February 2025.,SE_TOT_CPLR,24,None,R,Q5,ISCED11_3,PT,2025-03-05T00:00:00,2015,This data point is NOT APPLICABLE for the submitting nation.,0.0
2015,A,0,Angola DHS 2015-16. The survey collected data on school attendance for age 3-24 and educational attainment for age 3 and above. Data extracted on 25 February 2025.,SE_TOT_CPLR,24,None,U,None,ISCED11_1,PT,2025-03-05T00:00:00,2015,,73.84079
2015,A,0,Angola DHS 2015-16. The survey collected data on school attendance for age 3-24 and educational attainment for age 3 and above. Data extracted on 25 February 2025.,SE_TOT_CPLR,24,None,U,None,ISCED11_2,PT,2025-03-05T00:00:00,2015,,47.5417
2015,A,0,Angola DHS 2015-16. The survey collected data on school attendance for age 3-24 and educational attainment for age 3 and above. Data extracted on 25 February 2025.,SE_TOT_CPLR,24,None,U,None,ISCED11_3,PT,2025-03-05T00:00:00,2015,,24.80323
2015,A,0,Angola DHS 2015-16. The survey collected data on school attendance for age 3-24 and educational attainment for age 3 and above. Data extracted on 25 February 2025.,SE_TOT_CPLR,24,None,U,Q1,ISCED11_1,PT,2025-03-05T00:00:00,2015,,9.23129
2015,A,0,Angola DHS 2015-16. The survey collected data on school attendance for age 3-24 and educational attainment for age 3 and above. Data extracted on 25 February 2025.,SE_TOT_CPLR,24,None,U,Q2,ISCED11_1,PT,2025-03-05T00:00:00,2015,,34.41679
2015,A,0,Angola DHS 2015-16. The survey collected data on school attendance for age 3-24 and educational attainment for age 3 and above. Data extracted on 25 February 2025.,SE_TOT_CPLR,24,None,U,Q2,ISCED11_2,PT,2025-03-05T00:00:00,2015,,7.6384
2015,A,0,Angola DHS 2015-16. The survey collected data on school attendance for age 3-24 and educational attainment for age 3 and above. Data extracted on 25 February 2025.,SE_TOT_CPLR,24,None,U,Q2,ISCED11_3,PT,2025-03-05T00:00:00,2015,,0.91516
2015,A,0,Angola DHS 2015-16. The survey collected data on school attendance for age 3-24 and educational attainment for age 3 and above. Data extracted on 25 February 2025.,SE_TOT_CPLR,24,None,U,Q3,ISCED11_1,PT,2025-03-05T00:00:00,2015,,61.82267
2015,A,0,Angola DHS 2015-16. The survey collected data on school attendance for age 3-24 and educational attainment for age 3 and above. Data extracted on 25 February 2025.,SE_TOT_CPLR,24,None,U,Q3,ISCED11_2,PT,2025-03-05T00:00:00,2015,,24.11528
2015,A,0,Angola DHS 2015-16. The survey collected data on school attendance for age 3-24 and educational attainment for age 3 and above. Data extracted on 25 February 2025.,SE_TOT_CPLR,24,None,U,Q3,ISCED11_3,PT,2025-03-05T00:00:00,2015,,5.31471
2015,A,0,Angola DHS 2015-16. The survey collected data on school attendance for age 3-24 and educational attainment for age 3 and above. Data extracted on 25 February 2025.,SE_TOT_CPLR,24,None,U,Q4,ISCED11_1,PT,2025-03-05T00:00:00,2015,,76.862
2015,A,0,Angola DHS 2015-16. The survey collected data on school attendance for age 3-24 and educational attainment for age 3 and above. Data extracted on 25 February 2025.,SE_TOT_CPLR,24,None,U,Q4,ISCED11_2,PT,2025-03-05T00:00:00,2015,,47.61023
2015,A,0,Angola DHS 2015-16. The survey collected data on school attendance for age 3-24 and educational attainment for age 3 and above. Data extracted on 25 February 2025.,SE_TOT_CPLR,24,None,U,Q4,ISCED11_3,PT,2025-03-05T00:00:00,2015,,19.26533
2015,A,0,Angola DHS 2015-16. The survey collected data on school attendance for age 3-24 and educational attainment for age 3 and above. Data extracted on 25 February 2025.,SE_TOT_CPLR,24,None,U,Q5,ISCED11_1,PT,2025-03-05T00:00:00,2015,,88.99397
2015,A,0,Angola DHS 2015-16. The survey collected data on school attendance for age 3-24 and educational attainment for age 3 and above. Data extracted on 25 February 2025.,SE_TOT_CPLR,24,None,U,Q5,ISCED11_2,PT,2025-03-05T00:00:00,2015,,72.33723
2015,A,0,Angola DHS 2015-16. The survey collected data on school attendance for age 3-24 and educational attainment for age 3 and above. Data extracted on 25 February 2025.,SE_TOT_CPLR,24,None,U,Q5,ISCED11_3,PT,2025-03-05T00:00:00,2015,,50.20515
2015,A,0,Angola DHS 2015-16. The survey collected data on school attendance for age 3-24 and educational attainment for age 3 and above. Data extracted on 25 February 2025.,SE_TOT_CPLR,24,F,None,None,ISCED11_1,PT,2025-03-05T00:00:00,2015,,56.73005
2015,A,0,Angola DHS 2015-16. The survey collected data on school attendance for age 3-24 and educational attainment for age 3 and above. Data extracted on 25 February 2025.,SE_TOT_CPLR,24,F,None,None,ISCED11_2,PT,2025-03-05T00:00:00,2015,,31.78124
2015,A,0,Angola DHS 2015-16. The survey collected data on school attendance for age 3-24 and educational attainment for age 3 and above. Data extracted on 25 February 2025.,SE_TOT_CPLR,24,F,None,None,ISCED11_3,PT,2025-03-05T00:00:00,2015,,15.14429
2015,A,0,Angola DHS 2015-16. The survey collected data on school attendance for age 3-24 and educational attainment for age 3 and above. Data extracted on 25 February 2025.,SE_TOT_CPLR,24,F,None,Q1,ISCED11_1,PT,2025-03-05T00:00:00,2015,,16.6298
2015,A,0,Angola DHS 2015-16. The survey collected data on school attendance for age 3-24 and educational attainment for age 3 and above. Data extracted on 25 February 2025.,SE_TOT_CPLR,24,F,None,Q1,ISCED11_2,PT,2025-03-05T00:00:00,2015,,3.25343
2015,A,0,Angola DHS 2015-16. The survey collected data on school attendance for age 3-24 and educational attainment for age 3 and above. Data extracted on 25 February 2025.,SE_TOT_CPLR,24,F,None,Q1,ISCED11_3,PT,2025-03-05T00:00:00,2015,,0.77143
2015,A,0,Angola DHS 2015-16. The survey collected data on school attendance for age 3-24 and educational attainment for age 3 and above. Data extracted on 25 February 2025.,SE_TOT_CPLR,24,F,None,Q2,ISCED11_1,PT,2025-03-05T00:00:00,2015,,24.05433
2015,A,0,Angola DHS 2015-16. The survey collected data on school attendance for age 3-24 and educational attainment for age 3 and above. Data extracted on 25 February 2025.,SE_TOT_CPLR,24,F,None,Q2,ISCED11_2,PT,2025-03-05T00:00:00,2015,,4.32308
2015,A,0,Angola DHS 2015-16. The survey collected data on school attendance for age 3-24 and educational attainment for age 3 and above. Data extracted on 25 February 2025.,SE_TOT_CPLR,24,F,None,Q2,ISCED11_3,PT,2025-03-05T00:00:00,2015,,0.87723
2015,A,0,Angola DHS 2015-16. The survey collected data on school attendance for age 3-24 and educational attainment for age 3 and above. Data extracted on 25 February 2025.,SE_TOT_CPLR,24,F,None,Q3,ISCED11_1,PT,2025-03-05T00:00:00,2015,,59.6046
2015,A,0,Angola DHS 2015-16. The survey collected data on school attendance for age 3-24 and educational attainment for age 3 and above. Data extracted on 25 February 2025.,SE_TOT_CPLR,24,F,None,Q3,ISCED11_2,PT,2025-03-05T00:00:00,2015,,19.51867
2015,A,0,Angola DHS 2015-16. The survey collected data on school attendance for age 3-24 and educational attainment for age 3 and above. Data extracted on 25 February 2025.,SE_TOT_CPLR,24,F,None,Q3,ISCED11_3,PT,2025-03-05T00:00:00,2015,,4.8183
2015,A,0,Angola DHS 2015-16. The survey collected data on school attendance for age 3-24 and educational attainment for age 3 and above. Data extracted on 25 February 2025.,SE_TOT_CPLR,24,F,None,Q4,ISCED11_1,PT,2025-03-05T00:00:00,2015,,73.52349
2015,A,0,Angola DHS 2015-16. The survey collected data on school attendance for age 3-24 and educational attainment for age 3 and above. Data extracted on 25 February 2025.,SE_TOT_CPLR,24,F,None,Q4,ISCED11_2,PT,2025-03-05T00:00:00,2015,,45.03262
2015,A,0,Angola DHS 2015-16. The survey collected data on school attendance for age 3-24 and educational attainment for age 3 and above. Data extracted on 25 February 2025.,SE_TOT_CPLR,24,F,None,Q4,ISCED11_3,PT,2025-03-05T00:00:00,2015,,16.94247
2015,A,0,Angola DHS 2015-16. The survey collected data on school attendance for age 3-24 and educational attainment for age 3 and above. Data extracted on 25 February 2025.,SE_TOT_CPLR,24,F,None,Q5,ISCED11_1,PT,2025-03-05T00:00:00,2015,,86.58567
2015,A,0,Angola DHS 2015-16. The survey collected data on school attendance for age 3-24 and educational attainment for age 3 and above. Data extracted on 25 February 2025.,SE_TOT_CPLR,24,F,None,Q5,ISCED11_2,PT,2025-03-05T00:00:00,2015,,68.89467
2015,A,0,Angola DHS 2015-16. The survey collected data on school attendance for age 3-24 and educational attainment for age 3 and above. Data extracted on 25 February 2025.,SE_TOT_CPLR,24,F,None,Q5,ISCED11_3,PT,2025-03-05T00:00:00,2015,,46.29833
2015,A,0,Angola DHS 2015-16. The survey collected data on school attendance for age 3-24 and educational attainment for age 3 and above. Data extracted on 25 February 2025.,SE_TOT_CPLR,24,F,R,None,ISCED11_1,PT,2025-03-05T00:00:00,2015,,22.00831
2015,A,0,Angola DHS 2015-16. The survey collected data on school attendance for age 3-24 and educational attainment for age 3 and above. Data extracted on 25 February 2025.,SE_TOT_CPLR,24,F,R,None,ISCED11_2,PT,2025-03-05T00:00:00,2015,,5.42999
2015,A,0,Angola DHS 2015-16. The survey collected data on school attendance for age 3-24 and educational attainment for age 3 and above. Data extracted on 25 February 2025.,SE_TOT_CPLR,24,F,R,None,ISCED11_3,PT,2025-03-05T00:00:00,2015,,1.77108
2015,A,0,Angola DHS 2015-16. The survey collected data on school attendance for age 3-24 and educational attainment for age 3 and above. Data extracted on 25 February 2025.,SE_TOT_CPLR,24,F,R,Q1,ISCED11_1,PT,2025-03-05T00:00:00,2015,,16.89414
2015,A,0,Angola DHS 2015-16. The survey collected data on school attendance for age 3-24 and educational attainment for age 3 and above. Data extracted on 25 February 2025.,SE_TOT_CPLR,24,F,R,Q1,ISCED11_2,PT,2025-03-05T00:00:00,2015,,3.41155
2015,A,0,Angola DHS 2015-16. The survey collected data on school attendance for age 3-24 and educational attainment for age 3 and above. Data extracted on 25 February 2025.,SE_TOT_CPLR,24,F,R,Q1,ISCED11_3,PT,2025-03-05T00:00:00,2015,,0.78962
2015,A,0,Angola DHS 2015-16. The survey collected data on school attendance for age 3-24 and educational attainment for age 3 and above. Data extracted on 25 February 2025.,SE_TOT_CPLR,24,F,R,Q2,ISCED11_1,PT,2025-03-05T00:00:00,2015,,20.67161
2015,A,0,Angola DHS 2015-16. The survey collected data on school attendance for age 3-24 and educational attainment for age 3 and above. Data extracted on 25 February 2025.,SE_TOT_CPLR,24,F,R,Q2,ISCED11_2,PT,2025-03-05T00:00:00,2015,,2.57955
2015,A,0,Angola DHS 2015-16. The survey collected data on school attendance for age 3-24 and educational attainment for age 3 and above. Data extracted on 25 February 2025.,SE_TOT_CPLR,24,F,R,Q2,ISCED11_3,PT,2025-03-05T00:00:00,2015,,0.86778
2015,A,0,Angola DHS 2015-16. The survey collected data on school attendance for age 3-24 and educational attainment for age 3 and above. Data extracted on 25 February 2025.,SE_TOT_CPLR,24,F,R,Q3,ISCED11_1,PT,2025-03-05T00:00:00,2015,,43.95594
2015,A,0,Angola DHS 2015-16. The survey collected data on school attendance for age 3-24 and educational attainment for age 3 and above. Data extracted on 25 February 2025.,SE_TOT_CPLR,24,F,R,Q3,ISCED11_2,PT,2025-03-05T00:00:00,2015,,18.79557
2015,A,0,Angola DHS 2015-16. The survey collected data on school attendance for age 3-24 and educational attainment for age 3 and above. Data extracted on 25 February 2025.,SE_TOT_CPLR,24,F,R,Q3,ISCED11_3,PT,2025-03-05T00:00:00,2015,,5.47443
2015,A,0,Angola DHS 2015-16. The survey collected data on school attendance for age 3-24 and educational attainment for age 3 and above. Data extracted on 25 February 2025.,SE_TOT_CPLR,24,F,R,Q4,ISCED11_1,PT,2025-03-05T00:00:00,2015,This data point is NOT APPLICABLE for the submitting nation.,0.0
2015,A,0,Angola DHS 2015-16. The survey collected data on school attendance for age 3-24 and educational attainment for age 3 and above. Data extracted on 25 February 2025.,SE_TOT_CPLR,24,F,R,Q4,ISCED11_2,PT,2025-03-05T00:00:00,2015,This data point is NOT APPLICABLE for the submitting nation.,0.0
2015,A,0,Angola DHS 2015-16. The survey collected data on school attendance for age 3-24 and educational attainment for age 3 and above. Data extracted on 25 February 2025.,SE_TOT_CPLR,24,F,R,Q4,ISCED11_3,PT,2025-03-05T00:00:00,2015,This data point is NOT APPLICABLE for the submitting nation.,0.0
2015,A,0,Angola DHS 2015-16. The survey collected data on school attendance for age 3-24 and educational attainment for age 3 and above. Data extracted on 25 February 2025.,SE_TOT_CPLR,24,F,R,Q5,ISCED11_1,PT,2025-03-05T00:00:00,2015,This data point is NOT APPLICABLE for the submitting nation.,0.0
2015,A,0,Angola DHS 2015-16. The survey collected data on school attendance for age 3-24 and educational attainment for age 3 and above. Data extracted on 25 February 2025.,SE_TOT_CPLR,24,F,R,Q5,ISCED11_2,PT,2025-03-05T00:00:00,2015,This data point is NOT APPLICABLE for the submitting nation.,0.0
2015,A,0,Angola DHS 2015-16. The survey collected data on school attendance for age 3-24 and educational attainment for age 3 and above. Data extracted on 25 February 2025.,SE_TOT_CPLR,24,F,U,None,ISCED11_1,PT,2025-03-05T00:00:00,2015,,71.37574
2015,A,0,Angola DHS 2015-16. The survey collected data on school attendance for age 3-24 and educational attainment for age 3 and above. Data extracted on 25 February 2025.,SE_TOT_CPLR,24,F,U,None,ISCED11_2,PT,2025-03-05T00:00:00,2015,,43.02169
2015,A,0,Angola DHS 2015-16. The survey collected data on school attendance for age 3-24 and educational attainment for age 3 and above. Data extracted on 25 February 2025.,SE_TOT_CPLR,24,F,U,None,ISCED11_3,PT,2025-03-05T00:00:00,2015,,20.43477
2015,A,0,Angola DHS 2015-16. The survey collected data on school attendance for age 3-24 and educational attainment for age 3 and above. Data extracted on 25 February 2025.,SE_TOT_CPLR,24,F,U,Q1,ISCED11_1,PT,2025-03-05T00:00:00,2015,This data point is NOT APPLICABLE for the submitting nation.,0.0
2015,A,0,Angola DHS 2015-16. The survey collected data on school attendance for age 3-24 and educational attainment for age 3 and above. Data extracted on 25 February 2025.,SE_TOT_CPLR,24,F,U,Q2,ISCED11_1,PT,2025-03-05T00:00:00,2015,,29.64331
2015,A,0,Angola DHS 2015-16. The survey collected data on school attendance for age 3-24 and educational attainment for age 3 and above. Data extracted on 25 February 2025.,SE_TOT_CPLR,24,F,U,Q2,ISCED11_2,PT,2025-03-05T00:00:00,2015,,6.9118
2015,A,0,Angola DHS 2015-16. The survey collected data on school attendance for age 3-24 and educational attainment for age 3 and above. Data extracted on 25 February 2025.,SE_TOT_CPLR,24,F,U,Q2,ISCED11_3,PT,2025-03-05T00:00:00,2015,,0.89231
2015,A,0,Angola DHS 2015-16. The survey collected data on school attendance for age 3-24 and educational attainment for age 3 and above. Data extracted on 25 February 2025.,SE_TOT_CPLR,24,F,U,Q3,ISCED11_1,PT,2025-03-05T00:00:00,2015,,62.09481
2015,A,0,Angola DHS 2015-16. The survey collected data on school attendance for age 3-24 and educational attainment for age 3 and above. Data extracted on 25 February 2025.,SE_TOT_CPLR,24,F,U,Q3,ISCED11_2,PT,2025-03-05T00:00:00,2015,,19.63947
2015,A,0,Angola DHS 2015-16. The survey collected data on school attendance for age 3-24 and educational attainment for age 3 and above. Data extracted on 25 February 2025.,SE_TOT_CPLR,24,F,U,Q3,ISCED11_3,PT,2025-03-05T00:00:00,2015,,4.76164
2015,A,0,Angola DHS 2015-16. The survey collected data on school attendance for age 3-24 and educational attainment for age 3 and above. Data extracted on 25 February 2025.,SE_TOT_CPLR,24,F,U,Q4,ISCED11_1,PT,2025-03-05T00:00:00,2015,,73.52604
2015,A,0,Angola DHS 2015-16. The survey collected data on school attendance for age 3-24 and educational attainment for age 3 and above. Data extracted on 25 February 2025.,SE_TOT_CPLR,24,F,U,Q4,ISCED11_2,PT,2025-03-05T00:00:00,2015,,45.57647
2015,A,0,Angola DHS 2015-16. The survey collected data on school attendance for age 3-24 and educational attainment for age 3 and above. Data extracted on 25 February 2025.,SE_TOT_CPLR,24,F,U,Q4,ISCED11_3,PT,2025-03-05T00:00:00,2015,,16.53668
2015,A,0,Angola DHS 2015-16. The survey collected data on school attendance for age 3-24 and educational attainment for age 3 and above. Data extracted on 25 February 2025.,SE_TOT_CPLR,24,F,U,Q5,ISCED11_1,PT,2025-03-05T00:00:00,2015,,86.56142
2015,A,0,Angola DHS 2015-16. The survey collected data on school attendance for age 3-24 and educational attainment for age 3 and above. Data extracted on 25 February 2025.,SE_TOT_CPLR,24,F,U,Q5,ISCED11_2,PT,2025-03-05T00:00:00,2015,,68.93649
2015,A,0,Angola DHS 2015-16. The survey collected data on school attendance for age 3-24 and educational attainment for age 3 and above. Data extracted on 25 February 2025.,SE_TOT_CPLR,24,F,U,Q5,ISCED11_3,PT,2025-03-05T00:00:00,2015,,46.29833
2015,A,0,Angola DHS 2015-16. The survey collected data on school attendance for age 3-24 and educational attainment for age 3 and above. Data extracted on 25 February 2025.,SE_TOT_CPLR,24,M,None,None,ISCED11_1,PT,2025-03-05T00:00:00,2015,,63.39288
2015,A,0,Angola DHS 2015-16. The survey collected data on school attendance for age 3-24 and educational attainment for age 3 and above. Data extracted on 25 February 2025.,SE_TOT_CPLR,24,M,None,None,ISCED11_2,PT,2025-03-05T00:00:00,2015,,42.1607
2015,A,0,Angola DHS 2015-16. The survey collected data on school attendance for age 3-24 and educational attainment for age 3 and above. Data extracted on 25 February 2025.,SE_TOT_CPLR,24,M,None,None,ISCED11_3,PT,2025-03-05T00:00:00,2015,,23.84445
2015,A,0,Angola DHS 2015-16. The survey collected data on school attendance for age 3-24 and educational attainment for age 3 and above. Data extracted on 25 February 2025.,SE_TOT_CPLR,24,M,None,Q1,ISCED11_1,PT,2025-03-05T00:00:00,2015,,21.10978
2015,A,0,Angola DHS 2015-16. The survey collected data on school attendance for age 3-24 and educational attainment for age 3 and above. Data extracted on 25 February 2025.,SE_TOT_CPLR,24,M,None,Q1,ISCED11_2,PT,2025-03-05T00:00:00,2015,,5.32514
2015,A,0,Angola DHS 2015-16. The survey collected data on school attendance for age 3-24 and educational attainment for age 3 and above. Data extracted on 25 February 2025.,SE_TOT_CPLR,24,M,None,Q1,ISCED11_3,PT,2025-03-05T00:00:00,2015,,2.36007
2015,A,0,Angola DHS 2015-16. The survey collected data on school attendance for age 3-24 and educational attainment for age 3 and above. Data extracted on 25 February 2025.,SE_TOT_CPLR,24,M,None,Q2,ISCED11_1,PT,2025-03-05T00:00:00,2015,,37.10633
2015,A,0,Angola DHS 2015-16. The survey collected data on school attendance for age 3-24 and educational attainment for age 3 and above. Data extracted on 25 February 2025.,SE_TOT_CPLR,24,M,None,Q2,ISCED11_2,PT,2025-03-05T00:00:00,2015,,11.60864
2015,A,0,Angola DHS 2015-16. The survey collected data on school attendance for age 3-24 and educational attainment for age 3 and above. Data extracted on 25 February 2025.,SE_TOT_CPLR,24,M,None,Q2,ISCED11_3,PT,2025-03-05T00:00:00,2015,,2.78057
2015,A,0,Angola DHS 2015-16. The survey collected data on school attendance for age 3-24 and educational attainment for age 3 and above. Data extracted on 25 February 2025.,SE_TOT_CPLR,24,M,None,Q3,ISCED11_1,PT,2025-03-05T00:00:00,2015,,62.6
2015,A,0,Angola DHS 2015-16. The survey collected data on school attendance for age 3-24 and educational attainment for age 3 and above. Data extracted on 25 February 2025.,SE_TOT_CPLR,24,M,None,Q3,ISCED11_2,PT,2025-03-05T00:00:00,2015,,30.37108
2015,A,0,Angola DHS 2015-16. The survey collected data on school attendance for age 3-24 and educational attainment for age 3 and above. Data extracted on 25 February 2025.,SE_TOT_CPLR,24,M,None,Q3,ISCED11_3,PT,2025-03-05T00:00:00,2015,,7.14687
2015,A,0,Angola DHS 2015-16. The survey collected data on school attendance for age 3-24 and educational attainment for age 3 and above. Data extracted on 25 February 2025.,SE_TOT_CPLR,24,M,None,Q4,ISCED11_1,PT,2025-03-05T00:00:00,2015,,80.7841
2015,A,0,Angola DHS 2015-16. The survey collected data on school attendance for age 3-24 and educational attainment for age 3 and above. Data extracted on 25 February 2025.,SE_TOT_CPLR,24,M,None,Q4,ISCED11_2,PT,2025-03-05T00:00:00,2015,,50.69094
2015,A,0,Angola DHS 2015-16. The survey collected data on school attendance for age 3-24 and educational attainment for age 3 and above. Data extracted on 25 February 2025.,SE_TOT_CPLR,24,M,None,Q4,ISCED11_3,PT,2025-03-05T00:00:00,2015,,25.00739
2015,A,0,Angola DHS 2015-16. The survey collected data on school attendance for age 3-24 and educational attainment for age 3 and above. Data extracted on 25 February 2025.,SE_TOT_CPLR,24,M,None,Q5,ISCED11_1,PT,2025-03-05T00:00:00,2015,,91.42659
2015,A,0,Angola DHS 2015-16. The survey collected data on school attendance for age 3-24 and educational attainment for age 3 and above. Data extracted on 25 February 2025.,SE_TOT_CPLR,24,M,None,Q5,ISCED11_2,PT,2025-03-05T00:00:00,2015,,74.92431
2015,A,0,Angola DHS 2015-16. The survey collected data on school attendance for age 3-24 and educational attainment for age 3 and above. Data extracted on 25 February 2025.,SE_TOT_CPLR,24,M,None,Q5,ISCED11_3,PT,2025-03-05T00:00:00,2015,,54.13865
2015,A,0,Angola DHS 2015-16. The survey collected data on school attendance for age 3-24 and educational attainment for age 3 and above. Data extracted on 25 February 2025.,SE_TOT_CPLR,24,M,R,None,ISCED11_1,PT,2025-03-05T00:00:00,2015,,32.66905
2015,A,0,Angola DHS 2015-16. The survey collected data on school attendance for age 3-24 and educational attainment for age 3 and above. Data extracted on 25 February 2025.,SE_TOT_CPLR,24,M,R,None,ISCED11_2,PT,2025-03-05T00:00:00,2015,,13.76115
2015,A,0,Angola DHS 2015-16. The survey collected data on school attendance for age 3-24 and educational attainment for age 3 and above. Data extracted on 25 February 2025.,SE_TOT_CPLR,24,M,R,None,ISCED11_3,PT,2025-03-05T00:00:00,2015,,6.13696
2015,A,0,Angola DHS 2015-16. The survey collected data on school attendance for age 3-24 and educational attainment for age 3 and above. Data extracted on 25 February 2025.,SE_TOT_CPLR,24,M,R,Q1,ISCED11_1,PT,2025-03-05T00:00:00,2015,,21.51833
2015,A,0,Angola DHS 2015-16. The survey collected data on school attendance for age 3-24 and educational attainment for age 3 and above. Data extracted on 25 February 2025.,SE_TOT_CPLR,24,M,R,Q1,ISCED11_2,PT,2025-03-05T00:00:00,2015,,5.43615
2015,A,0,Angola DHS 2015-16. The survey collected data on school attendance for age 3-24 and educational attainment for age 3 and above. Data extracted on 25 February 2025.,SE_TOT_CPLR,24,M,R,Q1,ISCED11_3,PT,2025-03-05T00:00:00,2015,,2.4159
2015,A,0,Angola DHS 2015-16. The survey collected data on school attendance for age 3-24 and educational attainment for age 3 and above. Data extracted on 25 February 2025.,SE_TOT_CPLR,24,M,R,Q2,ISCED11_1,PT,2025-03-05T00:00:00,2015,,35.72082
2015,A,0,Angola DHS 2015-16. The survey collected data on school attendance for age 3-24 and educational attainment for age 3 and above. Data extracted on 25 February 2025.,SE_TOT_CPLR,24,M,R,Q2,ISCED11_2,PT,2025-03-05T00:00:00,2015,,13.62814
2015,A,0,Angola DHS 2015-16. The survey collected data on school attendance for age 3-24 and educational attainment for age 3 and above. Data extracted on 25 February 2025.,SE_TOT_CPLR,24,M,R,Q2,ISCED11_3,PT,2025-03-05T00:00:00,2015,,3.63703
2015,A,0,Angola DHS 2015-16. The survey collected data on school attendance for age 3-24 and educational attainment for age 3 and above. Data extracted on 25 February 2025.,SE_TOT_CPLR,24,M,R,Q3,ISCED11_1,PT,2025-03-05T00:00:00,2015,,67.54945
2015,A,0,Angola DHS 2015-16. The survey collected data on school attendance for age 3-24 and educational attainment for age 3 and above. Data extracted on 25 February 2025.,SE_TOT_CPLR,24,M,R,Q3,ISCED11_2,PT,2025-03-05T00:00:00,2015,,33.01642
2015,A,0,Angola DHS 2015-16. The survey collected data on school attendance for age 3-24 and educational attainment for age 3 and above. Data extracted on 25 February 2025.,SE_TOT_CPLR,24,M,R,Q3,ISCED11_3,PT,2025-03-05T00:00:00,2015,,11.99726
2015,A,0,Angola DHS 2015-16. The survey collected data on school attendance for age 3-24 and educational attainment for age 3 and above. Data extracted on 25 February 2025.,SE_TOT_CPLR,24,M,R,Q4,ISCED11_1,PT,2025-03-05T00:00:00,2015,,89.10357
2015,A,0,Angola DHS 2015-16. The survey collected data on school attendance for age 3-24 and educational attainment for age 3 and above. Data extracted on 25 February 2025.,SE_TOT_CPLR,24,M,R,Q4,ISCED11_2,PT,2025-03-05T00:00:00,2015,This data point is NOT APPLICABLE for the submitting nation.,0.0
2015,A,0,Angola DHS 2015-16. The survey collected data on school attendance for age 3-24 and educational attainment for age 3 and above. Data extracted on 25 February 2025.,SE_TOT_CPLR,24,M,R,Q4,ISCED11_3,PT,2025-03-05T00:00:00,2015,This data point is NOT APPLICABLE for the submitting nation.,0.0
2015,A,0,Angola DHS 2015-16. The survey collected data on school attendance for age 3-24 and educational attainment for age 3 and above. Data extracted on 25 February 2025.,SE_TOT_CPLR,24,M,R,Q5,ISCED11_1,PT,2025-03-05T00:00:00,2015,This data point is NOT APPLICABLE for the submitting nation.,0.0
2015,A,0,Angola DHS 2015-16. The survey collected data on school attendance for age 3-24 and educational attainment for age 3 and above. Data extracted on 25 February 2025.,SE_TOT_CPLR,24,M,R,Q5,ISCED11_2,PT,2025-03-05T00:00:00,2015,This data point is NOT APPLICABLE for the submitting nation.,0.0
2015,A,0,Angola DHS 2015-16. The survey collected data on school attendance for age 3-24 and educational attainment for age 3 and above. Data extracted on 25 February 2025.,SE_TOT_CPLR,24,M,R,Q5,ISCED11_3,PT,2025-03-05T00:00:00,2015,This data point is NOT APPLICABLE for the submitting nation.,0.0
2015,A,0,Angola DHS 2015-16. The survey collected data on school attendance for age 3-24 and educational attainment for age 3 and above. Data extracted on 25 February 2025.,SE_TOT_CPLR,24,M,U,None,ISCED11_1,PT,2025-03-05T00:00:00,2015,,76.47495
2015,A,0,Angola DHS 2015-16. The survey collected data on school attendance for age 3-24 and educational attainment for age 3 and above. Data extracted on 25 February 2025.,SE_TOT_CPLR,24,M,U,None,ISCED11_2,PT,2025-03-05T00:00:00,2015,,52.54791
2015,A,0,Angola DHS 2015-16. The survey collected data on school attendance for age 3-24 and educational attainment for age 3 and above. Data extracted on 25 February 2025.,SE_TOT_CPLR,24,M,U,None,ISCED11_3,PT,2025-03-05T00:00:00,2015,,31.0338
2015,A,0,Angola DHS 2015-16. The survey collected data on school attendance for age 3-24 and educational attainment for age 3 and above. Data extracted on 25 February 2025.,SE_TOT_CPLR,24,M,U,Q1,ISCED11_1,PT,2025-03-05T00:00:00,2015,This data point is NOT APPLICABLE for the submitting nation.,0.0
2015,A,0,Angola DHS 2015-16. The survey collected data on school attendance for age 3-24 and educational attainment for age 3 and above. Data extracted on 25 February 2025.,SE_TOT_CPLR,24,M,U,Q2,ISCED11_1,PT,2025-03-05T00:00:00,2015,,39.18223
2015,A,0,Angola DHS 2015-16. The survey collected data on school attendance for age 3-24 and educational attainment for age 3 and above. Data extracted on 25 February 2025.,SE_TOT_CPLR,24,M,U,Q2,ISCED11_2,PT,2025-03-05T00:00:00,2015,,8.59491
2015,A,0,Angola DHS 2015-16. The survey collected data on school attendance for age 3-24 and educational attainment for age 3 and above. Data extracted on 25 February 2025.,SE_TOT_CPLR,24,M,U,Q2,ISCED11_3,PT,2025-03-05T00:00:00,2015,,0.96729
2015,A,0,Angola DHS 2015-16. The survey collected data on school attendance for age 3-24 and educational attainment for age 3 and above. Data extracted on 25 February 2025.,SE_TOT_CPLR,24,M,U,Q3,ISCED11_1,PT,2025-03-05T00:00:00,2015,,61.49297
2015,A,0,Angola DHS 2015-16. The survey collected data on school attendance for age 3-24 and educational attainment for age 3 and above. Data extracted on 25 February 2025.,SE_TOT_CPLR,24,M,U,Q3,ISCED11_2,PT,2025-03-05T00:00:00,2015,,29.84992
2015,A,0,Angola DHS 2015-16. The survey collected data on school attendance for age 3-24 and educational attainment for age 3 and above. Data extracted on 25 February 2025.,SE_TOT_CPLR,24,M,U,Q3,ISCED11_3,PT,2025-03-05T00:00:00,2015,,6.31429
2015,A,0,Angola DHS 2015-16. The survey collected data on school attendance for age 3-24 and educational attainment for age 3 and above. Data extracted on 25 February 2025.,SE_TOT_CPLR,24,M,U,Q4,ISCED11_1,PT,2025-03-05T00:00:00,2015,,80.50408
2015,A,0,Angola DHS 2015-16. The survey collected data on school attendance for age 3-24 and educational attainment for age 3 and above. Data extracted on 25 February 2025.,SE_TOT_CPLR,24,M,U,Q4,ISCED11_2,PT,2025-03-05T00:00:00,2015,,49.91792
2015,A,0,Angola DHS 2015-16. The survey collected data on school attendance for age 3-24 and educational attainment for age 3 and above. Data extracted on 25 February 2025.,SE_TOT_CPLR,24,M,U,Q4,ISCED11_3,PT,2025-03-05T00:00:00,2015,,23.45747
2015,A,0,Angola DHS 2015-16. The survey collected data on school attendance for age 3-24 and educational attainment for age 3 and above. Data extracted on 25 February 2025.,SE_TOT_CPLR,24,M,U,Q5,ISCED11_1,PT,2025-03-05T00:00:00,2015,,91.41964
2015,A,0,Angola DHS 2015-16. The survey collected data on school attendance for age 3-24 and educational attainment for age 3 and above. Data extracted on 25 February 2025.,SE_TOT_CPLR,24,M,U,Q5,ISCED11_2,PT,2025-03-05T00:00:00,2015,,75.5201
2015,A,0,Angola DHS 2015-16. The survey collected data on school attendance for age 3-24 and educational attainment for age 3 and above. Data extracted on 25 February 2025.,SE_TOT_CPLR,24,M,U,Q5,ISCED11_3,PT,2025-03-05T00:00:00,2015,,54.18296
